timestamp,open,high,low,close,volume,EMA_20,RSI_14,MACD,MACD_signal,MACD_hist,BB_middle,BB_upper,BB_lower,body_size,upper_wick,lower_wick,candle_range,body_range_ratio,ema_distance,price_momentum,bb_width,rolling_volatility,rsi_momentum,macd_momentum,volume_ma,relative_volume
2026-04-09 00:10:00,71037.99,71133.71,71024.13,71042.47,19.89057,71108.11891494997,48.52399741263531,-48.366708495494095,-50.79502693495443,2.428318439460334,71106.563,71311.2341463582,70901.89185364179,4.4799999999959255,91.24000000000524,13.860000000000582,109.58000000000175,0.04088337287785153,-65.64891494996846,-0.000574255918655342,409.3422927164065,42.720164494600496,5.580720748177043,-0.4937500268719006,37.2389405,0.5220685901165598
2026-04-09 00:15:00,71042.48,71042.48,70994.26,70997.74,15.6929,71097.60663733569,52.80989242881683,-51.29493507866573,-50.89500856369669,-0.39992651496903875,71092.285,71284.50640397826,70900.06359602175,44.73999999999069,0.0,3.4800000000104774,48.220000000001164,0.9278307755923223,-99.86663733568275,-0.001973063660682506,384.4428079565114,41.7426741543568,4.28589501618152,-2.8282449544293726,37.80664,0.4214110226787626
2026-04-09 00:20:00,70997.74,71014.68,70916.71,70939.99,34.88073,71082.595529018,45.789658316648065,-57.61140963723301,-52.238288778403955,-5.373120858829054,71073.4995,71246.23579326078,70900.76320673923,57.75,16.939999999987776,23.279999999998836,97.96999999998661,0.5894661631052202,-142.60552901799383,-0.0022843107568364385,345.4725865215587,56.198131681096235,-7.020234112168765,-4.9731943438600155,45.981193,0.9226085682059393
2026-04-09 00:25:00,70940.0,70976.0,70859.63,70935.55,171.16833,71068.59119292104,29.173690028803776,-62.25786224423791,-54.242203471570754,-8.015658772667159,71058.284,71222.73120674524,70893.83679325476,4.44999999999709,36.0,75.91999999999825,116.36999999999534,0.03824009624438453,-133.0411929210386,-0.0018908137379618495,328.89441349048866,66.74025322098913,-16.61596828784429,-2.6425379138381047,46.5814885,3.7225726178152327
2026-04-09 00:30:00,70935.55,71004.19,70911.83,70927.87,30.76293,71055.1891745476,33.578804630290705,-65.80140360593214,-56.554043498443036,-9.2473601074891,71041.2865,71183.28566534595,70899.28733465406,7.680000000007567,68.63999999999942,16.039999999993597,92.36000000000058,0.08315288003382812,-127.31917454760696,-0.0015502970241280112,283.99833069188753,74.54725037780871,4.405114601486929,-1.2317013348219419,47.7231715,0.6604110557639135
2026-04-09 00:35:00,70927.88,70930.17,70769.23,70821.99,59.1647,71032.97972935259,32.72010245267073,-76.2740767114592,-60.49805014104627,-15.776026570412931,71024.51699999999,71186.58703399764,70862.44696600235,105.88999999999942,2.289999999993597,52.76000000000931,160.94000000000233,0.6579470610124266,-210.98972935258644,-0.003103495697714287,324.14006799529307,95.64284886437552,-0.8587021776199748,-6.52866646292383,48.7931145,1.2397478654317906
2026-04-09 00:40:00,70821.99,70937.98,70764.94,70767.94,74.80241,71007.73785036663,23.93915448373238,-87.92162314214511,-65.98276474126604,-21.93885840087907,71009.672,71206.79079278083,70812.55320721919,54.05000000000291,115.98999999999069,3.0,173.0399999999936,0.3123555247323888,-239.7978503666236,-0.0032367227463860893,394.237585561641,107.72729535992295,-8.78094796893835,-6.162831830466139,48.606546,1.533052578524516
2026-04-09 00:45:00,70767.95,70832.01,70764.5,70810.38,93.05495,70988.94186461742,30.39851370102177,-92.65971082268516,-71.31815395754987,-21.34155686513529,71002.2605,71217.75332781812,70786.76767218189,42.43000000000757,21.629999999990105,3.4499999999970896,67.50999999999476,0.6284994815491387,-178.56186461741163,-0.0018270371901659699,430.9856556362356,105.71836539709501,6.459359217289389,0.5973015357437816,45.490267,1.9144530450298929
2026-04-09 00:50:00,70810.39,70815.46,70677.18,70743.77,57.87691,70965.59216322529,20.14189274739573,-100.62955489351589,-77.18043414474307,-23.449120748772813,70989.449,71234.0135077232,70744.88449227679,66.61999999999534,5.070000000006985,66.59000000001106,138.2800000000134,0.48177610644711544,-221.82216322528257,-0.0027035809266298116,489.1290154464077,109.76412083298135,-10.25662095362604,-2.107563883637525,45.067502000000005,1.2722921586441274
2026-04-09 00:55:00,70743.77,70758.89,70650.0,70758.88,42.76628,70945.90529053716,20.93464977459476,-104.5216030413867,-82.6486679240718,-21.872935117314896,70969.125,71219.62434421596,70718.62565578404,15.110000000000582,0.00999999999476131,93.77000000000407,108.88999999999942,0.1387638901631178,-187.0252905371599,-0.002382561326034316,500.99868843192235,106.95180314316244,0.7927570271990305,1.5761856314579177,45.4505075,0.9489383280895192
2026-04-09 01:00:00,70758.89,70879.25,70758.89,70815.5,26.15273,70933.48573905743,21.19025505412442,-101.86310397728812,-86.49155513471507,-15.371548842573048,70955.63500000001,71208.8362034976,70702.43379650242,56.61000000000058,63.75,0.0,120.36000000000058,0.4703389830469422,-117.98573905743251,-9.163820446167481e-05,506.4024069951847,90.14522683499152,0.25560527952966083,6.501386274741847,43.6267045,0.5754111766392177
2026-04-09 01:05:00,70815.5,70881.58,70801.29,70847.57,20.76238,70925.30328771863,27.093445510410746,-96.0611106481083,-88.40546623739372,-7.655644410714572,70948.4135,71205.45708207366,70691.36991792633,32.070000000006985,34.00999999999476,14.210000000006403,80.29000000000815,0.3994270768415033,-77.73328771862725,0.001125227044902033,514.0871641473204,74.27285913755475,5.903190456286325,7.715904431858476,50.5735345,0.47590988678789825
2026-04-09 01:10:00,70847.58,70874.14,70468.63,70576.83,163.28807,70892.11535555495,18.968685495311647,-112.01816874464566,-93.12800673884412,-18.890162005801542,70925.666,71228.15202009627,70623.17997990373,270.75,26.55999999999767,108.19999999999709,405.50999999999476,0.6676777391416632,-315.2853555549518,-0.003298245257263188,604.9720401925442,101.92612507772745,-8.124760015099099,-11.23451759508697,51.667382499999995,3.228725688467973
2026-04-09 01:15:00,70576.82,70663.58,70548.27,70663.57,51.64463,70870.34913121638,27.95733107226792,-116.32414681179216,-97.76723475343374,-18.55691205835842,70907.775,71228.21679538813,70587.33320461186,86.75,0.00999999999476131,28.55000000000291,115.30999999999767,0.7523198334858159,-206.7791312163754,-0.001133668731536308,640.8835907762696,98.1405183059659,8.988645576956273,0.33324994744312164,51.729245500000005,0.9995596351140964
2026-04-09 01:20:00,70663.57,70671.5,70559.15,70610.34,29.22378,70845.58635681482,25.941720762548513,-122.61841285515402,-102.7374703737778,-19.880942481376223,70884.606,71221.13245788844,70548.07954211156,53.23000000001048,7.929999999993015,51.19000000000233,112.35000000000582,0.4737872719139647,-235.24635681482323,-0.0020992418195427964,673.052915776876,93.89601601435355,-2.0156103097194062,-1.3240304230178026,52.896643,0.5649372945026825
2026-04-09 01:25:00,70610.33,70679.95,70466.0,70543.92,40.28009,70816.85622759436,25.32997020988249,-131.45091858309752,-108.48016001564176,-22.97075856745576,70857.6375,71213.04190686038,70502.23309313961,66.41000000000349,69.61999999999534,77.91999999999825,213.9499999999971,0.3103996260794298,-272.93622759435675,-0.0038350361149748213,710.8088137207669,107.63803386057927,-0.6117505526660239,-3.089816086079537,53.598183500000005,0.7614866977331344
2026-04-09 01:30:00,70543.93,70627.44,70530.34,70617.96,27.83475,70797.91372972823,32.798829146903,-130.9666319758253,-112.97745440767847,-17.98917756814683,70831.6305,71176.59188551099,70486.669114489,74.03000000001339,9.479999999995925,13.589999999996508,97.10000000000582,0.7624098867069674,-179.95372972822224,-0.0032409015580915357,689.9227710219857,109.69618658435887,7.468858937020514,4.981580999308932,55.11685400000001,0.5193226371091602
2026-04-09 01:35:00,70617.97,70850.0,70594.15,70816.28,50.5317,70799.66289832554,44.72233284603197,-113.27430905586516,-113.03682533731582,-0.23748371854934192,70817.324,71137.87050027394,70496.77749972604,198.30999999999767,33.720000000001164,23.820000000006985,255.85000000000582,0.7751025991761503,16.6171016744629,0.0033927565179676655,641.0930005479022,110.37632775612752,11.923503699128965,17.751693849597487,54.383006,0.9168103099477192
2026-04-09 01:40:00,70816.28,70827.99,70748.0,70774.06,26.2433,70797.22452705645,43.39582134616245,-101.48990438574401,-110.72744114700146,9.237536761257445,70802.53050000001,71100.50535202787,70504.55564797214,42.220000000001164,11.710000000006403,26.05999999999767,79.99000000000524,0.5278159769905061,-23.164527056447696,0.001563606254255001,595.9497040557326,112.12905158806404,-1.3265114998695182,9.475020479806787,52.43109450000001,0.48256435106800527
2026-04-09 01:45:00,70774.07,70776.54,70748.0,70764.88,12.59975,70794.14409590821,47.32578503201704,-91.8328362893808,-106.94852017547733,15.115683886096534,70788.8745,71065.69469894924,70512.05430105077,9.190000000002328,2.4699999999866122,16.880000000004657,28.539999999993597,0.32200420461395884,-29.26409590820549,0.0021886312967762667,553.6403978984745,112.4798183825523,3.929963685854588,5.878147124839089,52.5357575,0.24031064237576977
2026-04-09 01:50:00,70764.88,70850.0,70700.0,70833.04,21.98383,70797.84846772648,53.00859598785232,-77.78296429036709,-101.11540899845528,23.33244470808819,70778.403,71029.47926210708,70527.32673789293,68.15999999998894,16.960000000006403,64.88000000000466,150.0,0.45439999999689695,35.191532273514895,0.0040984396670895595,502.1525242141506,114.54527491605117,5.682810955835279,8.216760821991656,53.0337875,0.41845461159633124
2026-04-09 01:55:00,70833.3,70956.7,70833.3,70945.2,25.6535,70811.88194699063,55.853493339137586,-56.941577803489054,-92.28064275946204,35.33906495597299,70775.776,71018.13767913173,70533.41432086827,111.89999999999418,11.5,0.0,123.39999999999418,0.906807131273036,133.31805300936685,0.004633948644225727,484.72335826346534,131.03541453461546,2.844897351285269,12.006620247884797,52.5392945,0.48371993042202166
2026-04-09 02:00:00,70945.21,70948.63,70914.0,70928.89,24.99087,70823.02557108676,58.40446010167985,-41.26503194849647,-82.07752059726893,40.81248864877246,70775.221,71016.04529514608,70534.39670485393,16.320000000006985,3.4199999999982538,14.889999999999418,34.63000000000466,0.4712676869631396,105.86442891323532,0.0015901710736569985,481.6485902921413,137.06117557105583,2.5509667625422665,5.4734236927994715,46.134463999999994,0.4756605553491843
2026-04-09 02:05:00,70928.9,71025.38,70881.57,70888.57,43.07172,70829.26789764993,55.756171605922205,-31.728991384632536,-72.00781475474164,40.27882337010911,70772.872,71007.95983215053,70537.78416784947,40.329999999987194,96.48000000001048,7.0,143.80999999999767,0.28043946874144643,59.30210235007689,0.00161796567838568,470.17566430105944,139.7714772366547,-2.6482884957576474,-0.5336652786633493,45.359825,0.9336126675074494
2026-04-09 02:10:00,70888.56,70980.5,70884.86,70967.15,15.27015,70842.39952644518,56.60214716645973,-17.627660556696355,-61.131783915132594,43.50412335843624,70774.83600000001,71015.95500851955,70533.71699148047,78.58999999999651,13.35000000000582,3.6999999999970896,95.63999999999942,0.8217273107400173,124.75047355481365,0.0028583387691745177,482.2380170390825,139.37110542648182,0.845975560537525,3.22529998832713,43.051190000000005,0.33664481729511425
2026-04-09 02:15:00,70967.15,70967.15,70824.46,70835.68,12.992,70841.75957154564,49.52359582920447,-16.8663596452825,-52.27869906116258,35.412339415880076,70775.5205,71017.28001909409,70533.7609809059,131.47000000000116,0.0,11.219999999986612,142.68999999998778,0.921368000554286,-6.079571545647923,3.7270742579975646e-05,483.5190381881839,103.9963723139497,-7.078551337255263,-8.091783942556162,39.93195250000001,0.30178027598536117
2026-04-09 02:20:00,70835.68,70946.96,70816.36,70946.95,12.41766,70851.77770758892,67.00262766125394,-7.2014502742822515,-43.26324930378651,36.06179902950426,70784.47099999999,71038.01629942186,70530.92570057813,111.27000000000407,0.010000000009313226,19.319999999992433,130.60000000000582,0.8519908116320607,95.17229241107998,2.466692602176579e-05,507.0905988437298,74.91605183293875,17.479031832049472,0.649459613624181,36.7889005,0.3109705191522761
2026-04-09 02:25:00,70946.96,70973.0,70888.0,70940.0,30.19391,70860.17983067568,63.70324102902763,-0.10157597764919046,-34.63091463855905,34.52933866090986,70790.952,71053.74377905906,70528.16022094095,6.960000000006403,26.039999999993597,52.0,85.0,0.08188235294028848,79.82016932431725,0.00015663575166624533,525.5835581181163,75.26096107700309,-3.299386632226309,-1.5324603685943998,34.764309000000004,0.8207342320322748
2026-04-09 02:30:00,70940.01,71064.51,70940.01,71028.88,17.38508,70876.24651346848,70.0396445388406,12.55230361064605,-25.19427098871803,37.74657459936408,70805.2075,71087.43619501426,70522.97880498575,88.8700000000099,35.629999999990105,0.0,124.5,0.7138152610385227,152.63348653152934,0.0019793035746100696,564.4573900285177,77.59010320630127,6.336403509812975,3.2172359384542233,33.658274,0.5000841523845595
2026-04-09 02:35:00,71028.87,71090.07,71011.39,71050.01,20.64558,70892.79541694767,75.33008338316317,24.008849685676978,-15.353646853839031,39.36249653951601,70819.764,71121.30255135565,70518.22544864434,21.139999999999418,40.060000000012224,17.479999999995925,78.68000000000757,0.26868327401790415,157.21458305232227,0.001167582465972039,603.0771027113078,71.32005391196122,5.290438844322566,1.615921940151928,33.48555950000001,0.6133879592098695
2026-04-09 02:40:00,71050.0,71063.57,70990.6,71038.35,22.69844,70906.65775819075,72.44210503730162,31.781028522964334,-5.926711778478358,37.70774030144269,70830.9065,71147.85732363205,70513.95567636794,11.64999999999418,13.570000000006985,47.75,72.97000000000116,0.1596546525946874,131.69224180925812,0.00286112874189981,633.9016472641088,67.70774710311798,-2.887978345861555,-1.6547562380733183,41.089494,0.6778575701959569
2026-04-09 02:45:00,71038.35,71043.15,70909.52,71042.0,172.84107,70919.54749550592,65.21147262458952,37.79933355477988,2.8184972881732895,34.98083626660659,70840.628,71171.35839079236,70509.89760920763,3.6499999999941792,1.1499999999941792,128.83000000000175,133.6299999999901,0.0273142258472434,122.45250449408195,0.0013397334205347278,661.4607815847266,72.58250658542083,-7.230632412712097,-2.726904034836103,46.654396000000006,4.206454087650569
2026-04-09 02:50:00,71042.01,71160.32,70981.95,71145.62,274.58611,70941.07821021964,73.12594916097487,50.34975107481296,12.324748045501224,38.02500302931173,70869.0675,71202.09885340779,70536.03614659222,103.61000000000058,14.700000000011642,60.05999999999767,178.3700000000099,0.5808712227359644,204.54178978035634,0.002898505779531879,666.0627068155736,90.26018150631238,7.914476536385351,3.044166762705146,45.064872,5.885535630857047
2026-04-09 02:55:00,71145.21,71198.8,71125.74,71160.69,19.85415,70961.99361877015,74.45596431046633,60.811078179394826,22.022014072279944,38.78906410711488,70893.9235,71236.4466414249,70551.4003585751,15.479999999995925,38.11000000000058,19.470000000001164,73.05999999999767,0.211880646041398,198.69638122984907,0.0018557240378842543,685.0462828497984,97.56933945202354,1.3300151494914587,0.7640610778031487,44.713585,0.4405682101917306
2026-04-09 03:00:00,71160.68,71160.68,71044.49,71060.64,22.19804,70971.38851222061,63.529579607085,60.33307430772402,29.68422611936876,30.64884818835526,70916.43849999999,71239.09728077556,70593.77971922442,100.0399999999936,0.0,16.14999999999418,116.18999999998778,0.8610035286956116,89.25148777938739,0.00014961292757043054,645.3175615511427,96.8949446909292,-10.92638470338133,-8.140215918759623,43.443866,0.4964495689509922
2026-04-09 03:05:00,71060.64,71087.11,71038.25,71078.63,14.88571,70981.60198724722,58.931655397517396,60.70611316258146,35.8886035280113,24.817509634570158,70943.174,71221.42287855451,70664.92512144549,17.99000000000524,8.479999999995925,22.389999999999418,48.86000000000058,0.36819484239944394,97.02801275278034,0.0005670176742562649,556.4977571090276,71.24812138645292,-4.597924209567601,-5.831338553785102,53.874135,0.3426423882178754
2026-04-09 03:10:00,71078.63,71124.05,70969.69,70994.41,236.44013,70982.82179798558,54.020322508460396,53.58816795585153,39.42851641357935,14.15965154227218,70961.9965,71194.84243246225,70729.15056753774,84.22000000000116,45.419999999998254,24.720000000001164,154.36000000000058,0.5456076703773985,11.588202014419949,-0.0006698854198924353,465.69186492450535,64.98758241206203,-4.911332889057,-10.657858092297978,51.896222,4.38875037150223
2026-04-09 03:15:00,70994.41,70994.41,70943.68,70983.55,10.97344,70982.89115055838,56.04660045736601,46.534414099223795,40.84969595070824,5.684718148515557,70970.36,71192.95906208722,70747.76093791278,10.860000000000582,0.0,39.870000000009895,50.73000000001048,0.21407451211875153,0.6588494416209869,-0.0022780039024186127,445.1981241744361,57.53715877575154,2.0262779489056157,-8.474933393756622,55.996413000000004,0.21144968895401578
2026-04-09 03:20:00,70983.54,70999.94,70935.77,70990.0,108.24712,70983.56818383854,51.601777726916715,40.99219197111961,40.87819515479051,0.11399681632909875,70981.15699999999,71183.71156030154,70778.60243969844,6.460000000006403,9.940000000002328,47.76999999998952,64.16999999999825,0.1006700950585306,6.431816161464667,-0.0023986557746981108,405.10912060309784,60.956450027759146,-4.444822730449296,-5.570721332186459,60.129483500000006,1.9331081081580508
2026-04-09 03:25:00,70990.01,70990.01,70919.85,70986.62,95.26116,70983.85883299678,62.89688642660318,35.91321803061874,39.885199729956156,-3.9719816993374195,70992.244,71167.3712224954,70817.1167775046,3.389999999999418,0.0,66.76999999998952,70.15999999998894,0.048318129987908125,2.76116700322018,-0.001041645557934845,350.25444499080186,64.64686852422054,11.295108699686466,-4.085978515666518,60.62792900000001,1.584267059244168
2026-04-09 03:30:00,70986.62,70990.0,70869.56,70914.37,31.95274,70977.24084890184,47.0173575496954,25.761164737850777,37.06039273153508,-11.299227993684305,70996.31049999999,71159.22349072303,70833.39750927695,72.25,3.3800000000046566,44.80999999999767,120.44000000000233,0.5998837595433304,-62.87084890184633,-0.0023109618179192326,325.8259814460762,77.35370048600866,-15.879528876907784,-7.327246294346885,61.4155035,0.5270300425316023
2026-04-09 03:35:00,70914.37,70982.98,70913.04,70942.9,41.40499,70973.97029186357,50.255398596709995,19.7895997393789,33.60623413310385,-13.816634393724947,70996.1955,71159.26357483544,70833.12742516457,28.529999999998836,40.080000000001746,1.3300000000017462,69.94000000000233,0.4079210752014579,-31.07029186357977,-0.0007255500820417815,326.1361496708705,82.61901073261839,3.2380410470145975,-2.5174064000406418,60.7851175,0.6741781413438355
2026-04-09 03:40:00,70942.9,70986.62,70923.6,70943.99,12.38315,70971.1150259718,41.15637045405525,14.972452236426761,29.879477753768434,-14.907025517341673,70996.95049999999,71158.84206168968,70835.0589383103,1.0900000000110595,42.629999999990105,19.29999999998836,63.01999999998952,0.017296096477212704,-27.12502597179264,-0.0005573122223387905,323.7831233793695,74.2972263576497,-9.099028142654745,-1.090391123616726,64.5120545,0.2037200964495344
2026-04-09 03:45:00,70943.99,70958.1,70873.07,70903.93,117.61046,70964.71645206973,35.3592046173532,7.832038070453564,25.469989817105464,-17.6379517466519,70997.7185,71157.57821050633,70837.85878949368,40.060000000012224,14.110000000000582,30.85999999998603,85.02999999999884,0.4711278372285269,-60.78645206973306,-0.0012124242851107025,319.7194210126472,57.11756028869938,-5.7971658367020495,-2.730926229310228,65.0443435,1.8230772668723008
2026-04-09 03:50:00,70903.93,70972.9,70845.27,70972.89,25.91593,70965.49488520595,44.115214497792586,7.649525113418349,21.905896876368043,-14.256371762949694,70998.0055,71157.65460687276,70838.35639312724,68.9600000000064,0.00999999999476131,58.65999999998894,127.6299999999901,0.540311838905206,7.39511479405337,-0.00019341673120931713,319.2982137455256,49.57892640361223,8.756009880439386,3.3815799837022062,68.505163,0.3984348000929791
2026-04-09 03:55:00,70972.9,71041.06,70972.9,71017.99,82.20839,70970.49441994824,47.991232032074166,11.017077353753848,19.728132971845206,-8.711055618091358,71007.121,71147.3878080031,70866.8541919969,45.09000000001106,23.069999999992433,0.0,68.16000000000349,0.6615316901312678,47.49558005176368,0.0014611989079225118,280.53361600619974,37.11004184257916,3.87601753428158,5.545316144858337,69.43279700000001,1.2000320326046077
2026-04-09 04:00:00,71018.0,71018.92,70975.64,70992.39,30.97034,70972.5797132865,35.25528761861298,11.487757002410945,18.080057777958356,-6.592300775547411,71009.39300000001,71147.0029799166,70871.78302008343,25.610000000000582,0.9199999999982538,16.75,43.279999999998836,0.5917282809475403,19.810286713502137,0.0006976032837677781,275.21995983316447,36.9376583057664,-12.735944413461183,2.1187548425439466,68.978712,0.4460477085426063
2026-04-09 04:05:00,70992.37,71006.07,70960.79,71000.0,21.11221,70975.19116916397,34.312213217846974,12.332674026256427,16.93058102761797,-4.597907001361541,71012.39300000001,71146.19666309207,70878.58933690796,7.630000000004657,6.070000000006985,31.580000000001746,45.28000000001339,0.16850706713414076,24.80883083603112,0.0007894960517444982,267.6073261841084,38.20683469982828,-0.9430744007660081,1.9943937741858697,68.91208900000001,0.30606848674840337
2026-04-09 04:10:00,71000.0,71006.13,70930.33,70952.16,16.05262,70972.99772448168,38.2071574541589,9.037806463442394,15.352026114782856,-6.314219651340462,71008.557,71144.74815159451,70872.36584840549,47.83999999999651,6.130000000004657,21.830000000001746,75.80000000000291,0.6311345646354029,-20.837724481680198,0.0006802161741952251,272.3823031890206,37.48876044900308,3.894944236311929,-1.7163126499789207,68.9656995,0.23294345350301388
2026-04-09 04:15:00,70952.17,70961.48,70888.47,70908.0,21.71779,70966.80746500724,32.44944559779937,2.8306275300419657,12.84774639783468,-10.017118867792714,71001.4565,71143.24073819685,70859.67226180315,44.169999999998254,9.309999999997672,19.529999999998836,73.00999999999476,0.6049856184001703,-58.807465007237624,-0.0009142927672806112,283.56847639370244,40.075278275923985,-5.757711856359535,-3.702899216452252,70.0084965,0.3149071227746351
2026-04-09 04:20:00,70907.99,70928.9,70884.39,70928.9,43.55438,70963.19723024465,42.252654980979415,-0.39756824434152804,10.19868346939944,-10.596251713740967,70995.984,71140.2005832351,70851.7674167649,20.90999999998894,0.0,23.60000000000582,44.50999999999476,0.4697820714338715,-34.29723024465784,-0.0012544708742110444,288.433166470204,38.68327610225921,9.803209383180047,-0.5791328459482532,63.5594885,0.6221299153221761
2026-04-09 04:25:00,70928.89,70928.9,70844.0,70845.83,43.86091,70952.01939879278,36.08888888786889,-9.548917432315648,6.249163289056422,-15.79808072137207,70986.1755,71143.31916654688,70829.03183345312,83.05999999999767,0.00999999999476131,1.8300000000017462,84.89999999999418,0.978327444040342,-106.18939879277605,-0.002064446625898886,314.2873330937582,52.2305542337094,-6.1637660931105245,-5.201829007631103,50.726307000000006,0.6900765099660914
2026-04-09 04:30:00,70845.83,70855.04,70798.84,70838.0,17.92248,70941.16040843156,34.68914944098245,-17.23457371996483,1.5524158872521716,-18.786989607217,70970.79449999999,71122.34720314492,70819.24179685506,7.830000000001746,9.209999999991851,39.16000000000349,56.19999999999709,0.13932384341392934,-103.16040843156225,-0.0022816901408451162,303.105406289862,62.55462758444503,-1.3997394468864428,-2.9889088858449284,50.626096000000004,0.3533172639523449
2026-04-09 04:35:00,70838.0,70896.78,70838.0,70890.61,17.84993,70936.34608381904,41.2015908788763,-18.862884786110953,-2.5306442474204536,-16.3322405386905,70957.2905,71083.63268072573,70830.94831927428,52.61000000000058,6.169999999998254,0.0,58.779999999998836,0.8950323239045015,-45.73608381903614,-0.0008674859229091947,252.68436145145097,63.44901506114001,6.512441437893855,2.4547490685264997,50.765131000000004,0.3525835766527883
2026-04-09 04:40:00,70890.62,70909.02,70869.17,70879.99,24.97874,70930.97883774103,46.448200337514585,-20.770844911618042,-6.178684380259972,-14.59216053135807,70948.258,71069.20485524515,70827.31114475486,10.629999999990105,18.40000000000873,10.820000000006985,39.85000000000582,0.26675031366930496,-50.98883774102433,-0.000395018897726529,241.89371049028705,64.03071416652041,5.246609458638282,1.7400800073324287,51.42500700000001,0.49204521898127185
2026-04-09 04:45:00,70880.0,70927.13,70874.17,70874.17,28.08323,70925.56847224188,42.54991653349395,-22.493254184752004,-9.441598341158379,-13.051655843593625,70938.035,71046.50343081844,70829.56656918157,5.830000000001746,47.13000000000466,0.0,52.9600000000064,0.11008308156893803,-51.3984722418827,-0.0007716177749830244,216.9368616368738,56.64591526912548,-3.898283804020636,1.5405046877644448,41.577107,0.5461006548711582
2026-04-09 04:50:00,70874.18,70898.7,70734.77,70758.6,39.48213,70909.66671298075,33.900130264048045,-32.80564601771766,-14.114407876470237,-18.691238141247425,70926.2445,71057.73323323358,70794.75576676642,115.5799999999872,24.520000000004075,23.830000000001746,163.92999999999302,0.7050570365356376,-151.0667129807407,-0.001231265128801451,262.9774664671568,66.68068755904915,-8.649786269445904,-5.639582297653799,41.9302655,0.9496122469283491
2026-04-09 04:55:00,70758.6,70796.4,70738.81,70771.77,18.03661,70896.53369269687,37.960499944374,-39.460703482080135,-19.18366699759222,-20.277036484487915,70915.65550000001,71061.0841046539,70770.22689534612,13.169999999998254,24.629999999990105,19.79000000000815,57.58999999999651,0.22868553567929098,-124.76369269686984,-0.000934950167988835,290.8572093077819,62.8955310284548,4.060369680325955,-1.5857983432404907,37.092878999999996,0.43015730486061066
2026-04-09 05:00:00,70771.77,70789.14,70752.77,70782.0,11.49939,70885.62572196384,30.52659498413169,-43.409016840407276,-24.02873696615523,-19.380279874252047,70905.2555,71057.87026337151,70752.64073662848,10.229999999995925,7.139999999999418,19.0,36.36999999999534,0.2812757767312609,-103.62572196383553,-0.0015320787901247357,305.2295267430309,59.56535086234316,-7.433904960242309,0.8967566102358688,34.374786,0.3100161084743513
2026-04-09 05:05:00,70781.99,70855.14,70689.38,70834.98,40.8993,70880.80231987205,31.62587096555572,-41.78141030529514,-27.57927163398321,-14.202138671311928,70897.6735,71048.32279161536,70747.02420838465,52.98999999999069,20.160000000003492,92.61000000000058,165.75999999999476,0.3196790540520794,-45.822319872051594,-0.0006350170196131044,301.2985832307022,55.71504988201232,1.0992759814240287,5.178141202940118,33.595463,1.1898052252255533
2026-04-09 05:10:00,70834.99,70864.21,70816.43,70858.63,16.36628,70878.69067036043,36.5177599473628,-38.14346888542059,-29.692111084270685,-8.451357801149904,70894.8865,71046.29568240595,70743.47731759404,23.639999999999418,5.580000000001746,18.560000000012224,47.78000000001339,0.49476768521343717,-20.06067036042805,-0.0002192618269813984,302.81836481191567,47.08826529945341,4.891888981807078,5.750780870162025,32.1733975,0.48715744740630135
2026-04-09 05:15:00,70858.63,70870.92,70796.06,70870.91,12.96368,70877.94965413563,37.109819662253905,-33.878945335542085,-30.529477934524966,-3.349467401017119,70891.28700000001,71041.30662385319,70741.26737614683,12.279999999998836,0.00999999999476131,62.570000000006985,74.86000000000058,0.16403954047334626,-7.039654135631281,0.001587227559618265,300.03924770635786,48.46811992342385,0.5920597148911071,5.101890400132785,32.877722999999996,0.4029316456117844
2026-04-09 05:20:00,70870.91,70923.49,70842.98,70923.49,26.46966,70882.28682993224,47.16402555906335,-25.957293604602455,-29.615041068540464,3.6577474639380085,70890.262,71039.04045084483,70741.48354915518,52.580000000001746,0.0,27.930000000007567,80.51000000000931,0.653086573088344,41.203170067761675,0.0021437926450051936,297.55690168964793,55.8449114862796,10.054205896809442,7.007214864955127,30.1159445,0.8050940753772673
2026-04-09 05:25:00,70923.49,70964.2,70898.0,70916.0,62.37489,70885.49760803393,50.853242319300485,-20.052554572044755,-27.702543769241323,7.649989197196568,70890.8655,71039.97494514189,70741.75605485811,7.490000000005239,40.70999999999185,18.0,66.19999999999709,0.11314199395607893,30.502391966074356,0.0018931366731655963,298.21889028378064,58.678766025227254,3.6892167602371373,3.9922417332585596,31.796174,2.0711583526104866
2026-04-09 05:30:00,70916.0,71000.0,70916.0,70985.52,59.52052,70895.02355012593,55.47137721623421,-9.652060406122473,-24.092447096617555,14.440386690495082,70891.497,71042.16792508963,70740.82607491038,69.52000000000407,14.479999999995925,0.0,84.0,0.8276190476092434,90.49644987407373,0.002125221183093551,301.34185017924756,73.00165387028987,4.618134896933725,6.790397493298514,29.347532,1.8719396867726306
2026-04-09 05:35:00,70985.51,71010.0,70964.35,70996.55,33.23555,70904.69273582823,66.92038259253468,-0.5136440606875112,-19.37668648943155,18.863042428744038,70890.425,71037.57038210111,70743.2796178989,11.040000000008149,13.44999999999709,21.15999999998894,45.64999999999418,0.2418400876181318,91.85726417177648,0.001946410761822559,294.29076420221827,85.30749026001598,11.44900537630047,4.422655738248956,31.1850055,1.1324819408619273
2026-04-09 05:40:00,70996.55,71087.12,70984.19,71077.93,67.71981,70921.1915228922,73.1177615458273,13.143789190726238,-12.872591353399992,26.01638054412623,70894.702,71058.3712979729,70731.0327020271,81.3799999999901,9.190000000002328,12.360000000000582,102.92999999999302,0.7906344117284075,156.73847710779228,0.002921085675349655,327.33859594579553,97.8792131831254,6.197378953292628,7.153338115382191,31.196565,2.171550362491629
2026-04-09 05:45:00,71077.92,71077.92,71035.46,71040.58,21.3434,70932.56185404533,64.88772410326578,20.714783456758596,-6.155116391368275,26.86989984812687,70896.731,71066.77846766401,70726.68353233598,37.33999999999651,0.0,5.119999999995343,42.45999999999185,0.879415920846073,108.01814595467295,0.0016509339853409966,340.09493532803026,95.07955551367708,-8.230037442561525,0.8535193040006419,32.348372499999996,0.6841586565481117
2026-04-09 05:50:00,71040.58,71040.58,70946.28,70962.7,39.08877,70935.43215366006,57.24344490427589,20.19775864004623,-0.8845413850853747,21.082300025131605,70897.258,71068.09226953136,70726.42373046864,77.88000000000466,0.0,16.419999999998254,94.30000000000291,0.8258748674355926,27.267846339935204,0.0006585255795588107,341.66853906272445,80.10116887071295,-7.644279198989892,-5.787599822995265,34.3896085,1.2083689835954385
2026-04-09 05:55:00,70962.69,70986.61,70909.95,70952.0,62.54251,70937.01004378767,56.75830568973374,18.70894707547268,3.034156307026236,15.674790768446442,70899.45800000001,71071.99946553953,70726.9165344605,10.690000000002328,23.919999999998254,42.05000000000291,76.66000000000349,0.13944690842502472,14.98995621233189,-0.00047220898008504264,345.08293107902864,69.85409531467099,-0.48513921454215136,-5.407509256685163,34.855721,1.8186455945894633
2026-04-09 06:00:00,70951.99,70984.0,70947.22,70984.0,52.87663,70941.48527771265,72.89533560657279,19.88199844711926,6.403724735044841,13.478273712074417,70902.21300000002,71078.45378339173,70725.97221660831,32.00999999999476,0.0,4.7700000000040745,36.779999999998836,0.8703099510365815,42.51472228734929,-0.00017676915286735095,352.4815667834191,60.58797291732155,16.137029916839047,-2.1965170563720253,34.7185135,1.5170143804652036
2026-04-09 06:05:00,70983.99,71082.71,70983.99,71019.52,41.11676,70948.91715602574,74.07256262065542,23.407984582183417,9.804576704472558,13.60340787771086,70910.89749999999,71092.47673830714,70729.31826169284,35.529999999998836,63.19000000000233,0.0,98.72000000000116,0.35990680712761863,70.60284397426585,-0.0008217740724861811,363.158476614306,50.74481067071686,1.1772270140826322,0.12513416563644242,34.888685499999994,1.1842891833147093
2026-04-09 06:10:00,71019.52,71076.69,71004.55,71004.55,21.32592,70954.21552211852,71.42664586871572,24.70956363863661,12.785574091305369,11.92398954733124,70919.225,71102.00018206515,70736.44981793486,14.970000000001164,57.169999999998254,0.0,72.13999999999942,0.2075131688355111,50.33447788147896,-0.0005071749132679049,365.550364130293,45.9257551199739,-2.6459167519396942,-1.6794183303796189,35.3501075,0.6112560474480688
2026-04-09 06:15:00,71004.56,71054.0,70995.15,71010.01,27.07837,70959.52928191677,68.54878022729552,25.88328439639008,15.405116152322313,10.478168244067769,70925.19499999999,71111.79472589813,70738.59527410186,5.44999999999709,43.99000000000524,9.410000000003492,58.85000000000582,0.09260832625155382,50.48071808322857,0.0006666882742623059,373.19945179627393,36.94339249303972,-2.8778656414202004,-1.4458213032634717,35.466098,0.7660053084487507
2026-04-09 06:20:00,71010.01,71010.02,70938.06,70943.58,27.29855,70958.0103026866,58.25414407428136,21.20864072344557,16.565821066546967,4.642819656898602,70928.3745,71113.89496611174,70742.85403388827,66.42999999999302,0.010000000009313226,5.5200000000040745,71.9600000000064,0.9231517509597548,-14.430302686596406,-0.00011867177810342966,371.04093222346273,41.312900272130484,-10.29463615301416,-5.835348587169166,36.662392999999994,0.7697083000004763
2026-04-09 06:25:00,70943.58,70943.58,70875.54,70881.58,52.00913,70950.73122624026,50.94540234850825,12.358607752074022,15.724378403652379,-3.365770651578357,70928.74500000001,71113.83877873477,70743.65122126525,62.0,0.0,6.040000000008149,68.04000000000815,0.911228688992965,-69.15122624025389,-0.0014428603628986458,370.18755746952957,55.63082364027562,-7.30874172577311,-8.00859030847696,36.7313925,1.418596161973972
2026-04-09 06:30:00,70881.57,70881.58,70809.94,70862.0,40.86212,70942.28063326499,44.21335943118077,3.722045079310192,13.323911738783941,-9.60186665947375,70933.91500000001,71104.1808008125,70763.64919918752,19.570000000006985,0.00999999999476131,52.05999999999767,71.63999999999942,0.2731714126149354,-80.2806332649925,-0.0022179817605075813,340.5316016249708,58.52426387601948,-6.732042917327483,-6.236096007895393,37.254817,1.1124576885803483
2026-04-09 06:35:00,70862.01,70938.06,70810.69,70912.34,28.5051,70939.42914438261,49.681273511398004,0.9288174003304448,10.844892871093244,-9.916075470762799,70940.9435,71093.73581673643,70788.15118326356,50.330000000001746,25.720000000001164,51.31999999999243,127.36999999999534,0.3951479940300576,-27.089144382611266,-0.001298649171074362,305.58463347287034,54.274826945910476,5.467914080217234,-0.3142088112890491,42.2658705,0.7651386396351071
2026-04-09 06:40:00,70912.34,70971.83,70903.88,70905.0,111.72046,70936.15017825093,42.13641157742416,-1.8557207230915083,8.304770152256292,-10.1604908753478,70947.09349999999,71081.7771732613,70812.40982673867,7.3399999999965075,59.49000000000524,1.1199999999953434,67.94999999999709,0.10802060338320531,-31.150178250929457,-0.0014788055937464684,269.3673465226311,56.18926722355443,-7.544861933973841,-0.244415404585002,41.605305,2.6432783396087096
2026-04-09 06:45:00,70905.0,70957.92,70905.0,70934.77,27.68799,70936.01873270322,44.179605063651984,-1.6413762816373492,6.315540865477565,-7.956917147114914,70952.083,71076.26289143092,70827.90310856908,29.770000000004075,23.14999999999418,0.0,52.919999999998254,0.5625472411081351,-1.2487327032140456,-0.0001241831889509104,248.35978286183672,56.29858104594448,2.043193486227821,2.203573728232887,41.6663055,0.6654918164723107
2026-05-10 22:05:00,70934.77,70952.52,70927.86,70931.95,17.58629,70935.63123435053,33.85748407538486,-1.6796947245893534,4.716493747464181,-6.3961884720535345,70955.749,71072.4141972459,70839.08380275409,2.820000000006985,17.75,4.0899999999965075,24.660000000003492,0.11435523113918208,-3.6812343505298486,0.0007106218569055134,233.33039449181524,54.75264356893763,-10.322120988267123,1.5607286750613794,42.516165,0.4220746185326637
2026-05-11 09:20:00,81238.37,81306.08,81210.0,81304.6,29.96087,71923.15206917429,97.57384963639576,825.7572887713904,168.92465275224947,656.832636019141,71477.4335,76104.88195375269,66849.98504624731,66.23000000001048,1.4799999999959255,28.369999999995343,96.08000000000175,0.6893213988272268,9381.447930825714,0.14736530157206973,9254.896907505376,3280.521658245488,63.7163655610109,663.2288244911945,43.169599,0.7046936147532429
2026-05-11 09:25:00,80699.99,80766.08,80684.02,80737.27,39.53834,72762.59187211008,93.3388667639179,1419.366694202472,419.013061042294,1000.353633160178,71968.1225,78163.79638754405,65772.44861245595,37.279999999998836,28.80999999999767,15.970000000001164,82.05999999999767,0.4543017304356031,7974.678127889929,0.13855035667981075,12391.3477750881,4260.092234210156,-4.2349828724778575,343.520997141037,41.514202,0.9158838839129388
2026-05-11 09:30:00,80737.26,80748.99,80709.87,80736.01,29.26695,73521.96502714722,93.41706700782795,1868.1696563584119,708.8443801055176,1159.3252762528941,72459.12299999999,79761.35828158795,65156.887718412036,1.25,11.730000000010477,26.139999999999418,39.120000000009895,0.03195296523434895,7214.044972852775,0.13865044778224367,14604.470563175913,4840.614531645504,0.07820024391004665,158.97164309271614,40.820426,0.7049864525709785
2026-05-11 09:35:00,80736.0,80736.73,80670.79,80704.86,45.645,74206.05026265701,93.1400899292508,2196.021325781345,1006.2797692406831,1189.7415565406618,72945.09,81080.52173093318,64809.658269066815,31.139999999999418,0.7299999999959255,34.070000000006985,65.94000000000233,0.47224749771801744,6498.809737342992,0.13773344158302048,16270.863461866364,5149.221102971231,-0.27697707857714704,30.416280287767677,40.0282785,1.11819019230426
2026-05-11 09:40:00,80704.87,80766.15,80650.81,80650.82,17.3926,74819.83785668967,92.67248789104103,2423.5484021009615,1289.733495812739,1133.8149062882226,73427.80350000001,82197.38195858248,64658.225041417536,54.04999999998836,61.279999999998836,0.010000000009313226,115.33999999999651,0.46861453094781846,5830.982143310335,0.1370168168223207,17539.156917164946,5230.103376092825,-0.4676020382097761,-55.92665025243923,43.2637845,0.43450781925496734
2026-05-11 09:45:00,80650.81,80715.23,80639.99,80640.0,132.42993,75374.13901319542,92.70657983020122,2573.328437370161,1546.4524841242235,1026.8759532459374,73905.90699999999,83165.02334837143,64646.79065162856,10.809999999997672,64.41999999999825,0.00999999999476131,75.23999999999069,0.1436735778821815,5265.860986804575,-0.008174199245799207,18518.232696742867,5102.696396672794,0.03409193916019149,-106.93895304228522,43.1517645,3.0609881111288133
2026-05-11 09:55:00,80640.0,80720.0,80639.99,80691.18,19.103,75880.52386908157,92.73601955013427,2665.434522696509,1770.2488918386807,895.1856308578281,74388.437,84017.30254748494,64759.57145251506,51.179999999993015,28.820000000006985,0.00999999999476131,80.00999999999476,0.639670041236804,4810.656130918418,-0.0005708639888369893,19257.73109496988,4765.113574950959,0.029439719933051833,-131.69032238810928,42.1910505,0.44269336887851507
2026-05-11 10:00:00,80766.51,80789.99,80727.99,80752.81,19.87449,76344.55111964523,93.31967839337113,2712.138441140836,1958.626801699112,753.5116394417241,74877.9425,84765.45458901179,64990.430410988214,13.69999999999709,23.480000000010477,24.819999999992433,62.0,0.22096774193187294,4408.25888035477,0.00020808558659268783,19775.024178023574,4154.932403857249,0.5836588432368615,-141.67399141610395,39.9036445,0.47105937785381624
2026-05-11 10:05:00,80752.8,80812.22,80708.71,80793.56,16.79439,76768.26625110759,93.85575709725671,2721.072981903315,2111.116037739953,609.9569441633621,75370.02050000001,85413.21608554845,65326.82491445157,40.75999999999476,18.660000000003492,44.08999999999651,103.50999999999476,0.3937783788967544,4025.293748892407,0.0010990664007100026,20086.391171096882,3119.791196240121,0.536078703885579,-143.55469527836203,38.7031785,0.4208735871125538
2026-05-11 11:40:00,80793.56,80814.03,80777.75,80782.04,28.86731,77150.53041766876,93.9227458688596,2696.144625157074,2228.121755223377,468.02286993369717,75859.92250000002,85958.02178238594,65761.82321761409,11.520000000004075,20.470000000001164,4.289999999993597,36.279999999998836,0.3175303197267617,3631.5095823312295,0.0016270138356930808,20196.198564771854,191.40163021646438,0.06698877160287964,-141.93407422966493,37.5078295,0.7458640638327454
2026-05-11 11:45:00,80928.66,80985.6,80910.65,80913.46,17.20978,77508.90466360506,93.96606902943316,2656.372213174618,2313.7718468136254,342.60036636099267,76354.6195,86423.63801455984,66285.60098544016,15.19999999999709,56.94000000000233,2.8100000000122236,74.95000000001164,0.20280186790916513,3404.555336394944,0.0033911210317461027,20138.037029119674,79.22033709548766,0.04332316057356422,-125.4225035727045,37.7650925,0.45883166871975806
2026-05-11 11:50:00,80913.46,80918.75,80830.84,80858.0,26.47118,77827.86612421411,93.57019033766026,2590.5152839783987,2369.12053424658,221.3947497318186,76847.292,86777.38506363273,66917.19893636728,55.4600000000064,5.289999999993597,27.160000000003492,87.91000000000349,0.6308724832143479,3030.1338757858903,0.002067388282089855,19860.18612726545,87.49171175710586,-0.3958786917728929,-121.20561662917407,37.194275,0.7009430732706151
2026-05-11 11:55:00,80858.01,80982.0,80858.0,80982.0,15.66202,78128.25982666992,93.62280230241561,2519.2881709730427,2399.1540615918725,120.13410938117022,77345.8915,87040.51262469067,67651.27037530932,123.99000000000524,0.0,0.00999999999476131,124.0,0.9999193548306881,2853.7401733300794,0.002838167489156218,19389.24224938135,113.2115060925434,0.05261196475534291,-101.26064035064837,36.665444,0.4210868473596788
2026-05-11 12:00:00,80982.41,81049.51,80977.27,80988.0,16.72193,78400.61603365374,93.64904364089963,2435.252248578836,2406.373698989265,28.878549589570866,77848.1125,87180.1491953346,68516.07580466541,5.5899999999965075,61.50999999999476,5.139999999999418,72.23999999999069,0.07738095237984284,2587.383966346257,0.0024066274589211734,18664.07339066919,127.68168667330345,0.02624133848402721,-91.25555979159935,34.957858,0.4560678441407646
2026-05-11 12:05:00,80987.99,81016.78,80948.62,80948.63,17.85741,78643.28403044862,34.991947247738395,2338.5193492833205,2392.802829048076,-54.28347976475561,78351.465,87173.40148754376,69529.52851245624,39.36000000000058,28.789999999993597,0.010000000009313226,68.16000000000349,0.5774647887239011,2305.3459695513884,0.0020622158093557275,17643.87297508752,122.29343670752561,-58.65709639316124,-83.16202935432648,34.1791885,0.5108267789030202
2026-05-11 12:10:00,80948.63,80981.19,80914.7,80928.68,25.28873,78860.94078945351,64.98786312597156,2234.4902190742287,2361.140307053307,-126.65008797907831,78854.799,87000.3076101754,70709.2903898246,19.95000000001164,32.55999999999767,13.979999999995925,66.49000000000524,0.30004511956249097,2067.7392105464824,0.00018810220203158146,16291.017220350797,103.83585638219495,29.995915878233163,-72.3666082143227,34.1238485,0.7398867881038228
2026-05-11 12:15:00,80928.68,80928.68,80803.12,80820.37,27.3983,79047.55309521985,55.657188840156536,2118.8815248183964,2312.688550606325,-193.80702578792852,79350.2005,86619.91542133327,72080.48557866675,108.30999999999767,0.0,17.25,125.55999999999767,0.86261548263091,1772.8169047801493,-0.0004653837591828136,14539.42984266652,86.56863612546103,-9.330674285815022,-67.15693780885022,29.792651,0.8029076790443813
2026-05-11 12:20:00,80820.37,80828.85,80762.0,80765.96,25.09651,79211.2108956751,53.97341518513722,1999.8177156456659,2250.1143836141932,-250.29666796852734,79843.2485,85945.06226483513,73741.43473516488,54.40999999998894,8.480000000010477,3.960000000006403,66.85000000000582,0.8139117426951427,1554.7491043249029,-0.0026677533278999244,12203.627529670252,84.55309679301405,-1.6837736550193156,-56.48964218059882,29.665869500000003,0.8423725031772978
2026-05-11 12:25:00,80765.96,80861.86,80763.04,80836.76,25.15236,79366.025096087,61.833965529306276,1889.3920222408633,2177.9699113395272,-288.57788909866395,80338.348,84776.84534923741,75899.85065076259,70.79999999998836,25.10000000000582,2.9200000000128057,98.82000000000698,0.7164541590696913,1470.7349039129913,-0.0018674371511829824,8876.994698474824,80.77471248657163,7.860550344169056,-38.2812211301366,31.584566000000002,0.8478551420565018
2026-05-11 12:30:00,80836.76,80873.68,80822.85,80822.86,55.96022,79504.77127741206,61.59249397633799,1780.235800658862,2098.4230892033943,-318.1872885445323,80832.8935,81136.95458405587,80528.83241594414,13.89999999999418,36.919999999998254,0.00999999999476131,50.829999999987194,0.27346055478505255,1318.0887225879414,-0.001553701402976282,608.1221681117313,76.0321998714217,-0.24147155296828515,-29.60939944586835,32.108781,1.771758396117529
2026-05-11 12:35:00,80822.86,80823.0,80750.0,80750.0,40.44517,79623.3644890871,53.629161626952204,1668.6147632295615,2012.4614240086278,-343.84666077906627,80805.1635,81014.4920911906,80595.8349088094,72.86000000000058,0.13999999999941792,0.0,73.0,0.9980821917671575,1126.6355109129072,-0.0022078699417807934,418.65718238119734,86.4435565593113,-7.963332349385787,-25.659372234533976,33.052772000000004,1.2596295698282776
2026-05-11 12:40:00,80750.01,80769.56,80700.0,80769.55,58.41816,79732.52501393594,51.089418195086566,1563.7063747794891,1922.7104141628001,-359.004039383311,80806.7775,81014.39271838387,80599.16228161613,19.54000000000815,0.00999999999476131,50.00999999999476,69.55999999999767,0.28090856813869886,1037.0249860640615,-0.0006288018725971734,415.2304367677425,92.15840703533442,-2.539743431865638,-15.157378604244741,33.6757775,1.7674208988653834
2026-05-11 12:45:00,80769.56,80800.0,80754.07,80759.99,41.72706,79830.37882213252,47.722863615108004,1462.930556195759,1830.7544425693918,-367.82388637363283,80807.9765,81014.14283748237,80601.81016251764,9.569999999992433,30.44000000000233,5.919999999998254,45.929999999993015,0.20836054865633635,929.6111778674822,-7.391727901207013e-05,412.33267496473854,86.40762157461336,-3.366554579978562,-8.819846990321821,32.814887500000005,1.239082304744439
2026-05-11 12:50:00,80759.99,80834.0,80700.0,80833.89,28.4272,79925.95131526276,53.242692215355945,1373.1987261806353,1739.2432992916406,-366.0445731110053,80814.428,81015.00753599864,80613.84846400136,73.89999999999418,0.11000000000058208,59.99000000000524,134.0,0.5514925373092738,907.938684737237,-3.550364957716212e-05,401.1590719972737,68.85675476075774,5.519828600247941,1.779313262627511,32.711327,0.8662897289876038
2026-05-11 12:55:00,80833.89,80840.3,80746.01,80774.77,15.32139,80006.79118999964,40.46397777669266,1282.5308966681478,1647.900818766942,-365.3699220987942,80820.6255,81007.08261397236,80634.16838602762,59.11999999999534,6.4100000000034925,28.760000000009313,94.29000000000815,0.6270018029415975,767.9788100003643,-0.0005950049280611935,372.91422794474056,54.18528378081361,-12.778714438663286,0.6746510122111431,27.8727455,0.46838179324035434
2026-05-11 13:00:00,80774.77,80800.0,80721.27,80737.9,35.6583,80076.42060047586,41.52554332404481,1193.9379146094434,1557.1082379354425,-363.1703233259991,80825.5205,80996.51045323936,80654.53054676064,36.870000000009895,25.229999999995925,16.629999999990105,78.72999999999593,0.4683094119083385,661.4793995241344,-0.00014984520123850764,341.9799064787221,37.23784372216601,1.0615655473521528,2.1995987727950705,30.404446500000006,1.2793249950465293
2026-05-11 13:15:00,80737.89,80767.58,80663.11,80724.58,69.73702,80138.15006709722,28.473708856704548,1109.8587643969513,1467.6583432277444,-357.79957883079305,80827.1905,80993.23695267407,80661.14404732593,13.309999999997672,29.69000000000233,61.470000000001164,104.47000000000116,0.12740499664851265,586.4299329027854,-0.0005567692280074032,332.0929053481377,39.97820800232831,-13.051834467340264,5.370744495206054,31.54934,2.2936454376075006
2026-05-11 13:20:00,80728.97,80779.54,80718.36,80724.82,42.77236,80194.02339404033,27.77796541409566,1031.3559684823558,1380.397868278667,-349.0418997963111,80825.791,80994.920258947,80656.661741053,4.149999999994179,50.56999999999243,6.460000000006403,61.179999999993015,0.06783262503966689,530.7966059596802,-0.0004354879192035588,338.25851789399167,43.29157238449803,-0.6957434426088867,8.757679034481953,33.662075,1.3557291530866975
2026-05-11 13:25:00,80724.82,80800.0,80724.82,80760.64,59.04909,80247.98688032219,34.03102223802321,960.9550204753905,1296.5092987180117,-335.5542782426212,80824.14499999999,80995.22453442572,80653.06546557425,35.81999999999243,39.36000000000058,0.0,75.17999999999302,0.47645650438307136,512.6531196778087,-0.0009061793265175977,342.1590688514698,37.19826100431663,6.253056823927551,13.487621553689905,33.605036999999996,1.7541726111134215
2026-05-11 13:30:00,80760.65,80760.65,80716.78,80740.4,27.72655,80294.88336791054,34.01426388100407,893.2319413192308,1215.8538272382555,-322.62188591902463,80822.063,80996.28468771985,80647.84131228014,20.25,0.0,23.619999999995343,43.86999999999534,0.46159106449830317,445.51663208944956,-0.0004255041518534952,348.44337543970323,31.93611476354741,-0.016758357019142522,12.93239232359656,34.246696,0.8250712534306965
2026-05-11 13:35:00,80740.4,80785.96,80700.0,80709.18,30.04296,80334.3401900143,39.13757058176201,827.5027831049229,1138.183618411589,-310.68083530666604,80811.849,80987.45641346404,80636.24158653597,31.220000000001164,45.560000000012224,9.179999999993015,85.9600000000064,0.3631921824061848,374.83980998568586,-0.0003557189374506775,351.2148269280733,35.43970867029515,5.123306700757944,11.941050612358595,34.2695635,0.877251341242459
2026-05-11 13:55:00,80709.17,80770.42,80662.45,80662.45,26.92853,80365.58874334628,39.73379882062763,762.847598941531,1063.1164145175774,-300.26881557604634,80802.07149999999,80988.31326911617,80615.82973088381,46.720000000001164,61.25,0.0,107.97000000000116,0.4327127905859771,296.86125665371947,-0.0007696540508480565,372.4835382323654,44.974854648309964,0.5962282388656135,10.412019730619704,34.778153,0.7857856140833022
2026-05-11 14:00:00,80777.41,80795.59,80646.83,80646.84,25.83381,80392.3745773133,28.847952954951566,702.2531657771324,990.9437647694883,-288.69059899235594,80785.3135,80963.52946944023,80607.09753055978,130.57000000000698,18.179999999993015,0.00999999999476131,148.75999999999476,0.8777225060441911,254.46542268669873,-0.000965997818267228,356.43193888044334,53.59436310092165,-10.88584586567606,11.578216583690391,35.5478125,0.7428171932896259
2026-05-11 14:05:00,80646.83,80722.48,80621.87,80690.47,32.11512,80420.76461756918,36.17105730355696,650.2564655397582,922.8063049235424,-272.54983938378416,80770.437,80925.59511496779,80615.27888503222,43.63999999999942,32.00999999999476,24.960000000006403,100.61000000000058,0.4337540999857411,269.7053824308241,-0.0008688638425846662,310.31622993556084,40.835037305611465,7.323104348605391,16.140759608571784,38.055332500000006,0.9034344940099076
2026-05-11 14:10:00,80690.47,80820.0,80690.46,80778.37,68.00781,80454.82227303878,52.873144151950676,609.1199458034826,860.0690330995305,-250.949087296048,80761.924,80892.68087113004,80631.16712886996,87.89999999999418,41.63000000000466,0.00999999999476131,129.5399999999936,0.6785548865162883,323.54772696121654,0.00047027262683863036,261.5137422600819,41.41072653009729,16.70208684839372,21.60075208773617,39.975215000000006,1.7870770147183164
2026-05-11 14:20:00,80778.37,80846.62,80769.57,80836.34,63.68638,80491.15729465413,56.27572209650251,574.5733283941081,802.9698921584461,-228.396563764338,80757.307,80868.29898704283,80646.31501295717,57.970000000001164,10.279999999998836,8.799999999988358,77.04999999998836,0.7523685918138553,345.1827053458692,0.0015755332912563702,221.98397408565506,55.93506104378006,3.4025779445518367,22.552523531709994,39.162356,1.5931466534553185
2026-05-11 14:25:00,80855.98,80858.27,80794.18,80794.19,11.14112,80520.01755230612,53.02804929745272,537.596652892229,749.8952443052028,-212.2985914129738,80755.99799999999,80864.44681862611,80647.54918137388,61.7899999999936,2.290000000008149,0.010000000009313226,64.09000000001106,0.9641129661260542,274.17244769388344,0.0016332258690383572,216.8976372522302,59.74550005903277,-3.247672799049795,16.097972351364206,38.3429425,0.2844854379985595
